Џ¤•iѓRЃ[ѓh,‹LЌ†
a058017036,Њьђёђ_–т‡V
a058087039,Њьђёђ_–т‡V
a058087114,Њьђёђ_–т‡V
a058087619,Њьђёђ_–т‡V
a058088036,Њьђёђ_–т‡V
a058088111,Њьђёђ_–т‡V
a058088616,Њьђёђ_–т‡V
a058091272,Њьђёђ_–т‡V
a058091289,Њьђёђ_–т‡V
a058091296,Њьђёђ_–т‡V
a058092279,Њьђёђ_–т‡V
a058092286,Њьђёђ_–т‡V
a058092293,Њьђёђ_–т‡V
a058127377,Њьђёђ_–т‡V
a058127384,Њьђёђ_–т‡V
a058127391,Њьђёђ_–т‡V
a058156230,Њьђёђ_–т‡V
a058168035,Њьђёђ_–т‡V
a058168554,Њьђёђ_–т‡V
a058169032,Њьђёђ_–т‡V
a058169551,Њьђёђ_–т‡V
a058231272,Њьђёђ_–т‡V
a058231289,Њьђёђ_–т‡V
a058231296,Њьђёђ_–т‡V
a058232279,Њьђёђ_–т‡V
a058232286,Њьђёђ_–т‡V
a058232293,Њьђёђ_–т‡V
a058233689,Њьђёђ_–т‡V
a058272039,Њьђёђ_–т‡V
a058272077,Њьђёђ_–т‡V
a058272114,Њьђёђ_–т‡V
a058272619,Њьђёђ_–т‡V
a058273036,Њьђёђ_–т‡V
a058273074,Њьђёђ_–т‡V
a058273111,Њьђёђ_–т‡V
a058273616,Њьђёђ_–т‡V
a058323038,Њьђёђ_–т‡V
a058323113,Њьђёђ_–т‡V
a058323618,Њьђёђ_–т‡V
a058458280,Њьђёђ_–т‡V
a058459287,Њьђёђ_–т‡V
a058459294,Њьђёђ_–т‡V
a058555033,Њьђёђ_–т‡V
a058555118,Њьђёђ_–т‡V
a058555552,Њьђёђ_–т‡V
a058565032,Њьђёђ_–т‡U
a058565117,Њьђёђ_–т‡U
a058565612,Њьђёђ_–т‡U
a058566039,Њьђёђ_–т‡U
a058566114,Њьђёђ_–т‡U
a058566619,Њьђёђ_–т‡U
a058871188,Њьђёђ_–т‡V
a058871270,Њьђёђ_–т‡V
a058871287,Њьђёђ_–т‡V
a060304483,Њьђёђ_–т‡V
a060304490,Њьђёђ_–т‡V
a060304506,Њьђёђ_–т‡V
a060304520,Њьђёђ_–т‡V
a080002116,Њьђёђ_–т‡V
a080002123,Њьђёђ_–т‡V
a080002154,Њьђёђ_–т‡V
a080002314,“Е–т
a080002413,“Е–т
a080004714,“Е–т
a080004813,“Е–т
a080030317,Њьђёђ_–т‡V
a080030331,Њьђёђ_–т‡V
a080031918,Њьђёђ_–т‡V
a080031932,Њьђёђ_–т‡V
a080031963,Њьђёђ_–т‡V
a080032113,Њьђёђ_–т‡V
a080032137,Њьђёђ_–т‡V
a080032168,Њьђёђ_–т‡V
a080033516,Њьђёђ_–т‡V
a080033530,Њьђёђ_–т‡V
a080033561,Њьђёђ_–т‡V
a080033615,Њьђёђ_–т‡V
a080033639,Њьђёђ_–т‡V
a080037415,Њьђёђ_–т‡V
a080037439,Њьђёђ_–т‡V
a080037460,Њьђёђ_–т‡V
a080037514,Њьђёђ_–т‡V
a080037538,Њьђёђ_–т‡V
a080037569,Њьђёђ_–т‡V
a080039617,Њьђёђ_–т‡V
a080100218,Њьђёђ_–т‡V
a080100232,Њьђёђ_–т‡V
a080100263,Њьђёђ_–т‡V
a080100317,Њьђёђ_–т‡V
a080160113,ђ¶Љ€‰ь‘P–т
a080190011,Њьђёђ_–т‡V
a080190035,Њьђёђ_–т‡V
a080190066,Њьђёђ_–т‡V
a080192015,Њьђёђ_–т‡V
a080192039,Њьђёђ_–т‡V
a080192060,Њьђёђ_–т‡V
a080198017,Њьђёђ_–т‡V
a080198024,Њьђёђ_–т‡V
a080198055,Њьђёђ_–т‡V
a080199014,Њьђёђ_–т‡V
a080199021,Њьђёђ_–т‡V
a080199052,Њьђёђ_–т‡V
a080222118,Њьђёђ_–т‡V
a080222156,Њьђёђ_–т‡V
a080223115,Њьђёђ_–т‡V
a080223153,Њьђёђ_–т‡V
a080289012,Њьђёђ_–т‡V
a080289029,Њьђёђ_–т‡V
a080289050,Њьђёђ_–т‡V
a080289074,Њьђёђ_–т‡V
a080290018,Њьђёђ_–т‡V
a080290025,Њьђёђ_–т‡V
a080290056,Њьђёђ_–т‡V
a080290070,Њьђёђ_–т‡V
a080291015,Њьђёђ_–т‡V
a080291022,Њьђёђ_–т‡V
a080291053,Њьђёђ_–т‡V
a080291077,Њьђёђ_–т‡V
a080292012,Њьђёђ_–т‡V
a080292029,Њьђёђ_–т‡V
a080292050,Њьђёђ_–т‡V
a080292074,Њьђёђ_–т‡V
a080411116,“Е–т
a080562092,“Е–т
a080574118,“Е–т
a080691099,“Е–т
a080692096,“Е–т
a080817314,Њьђёђ_–т‡V
a081100811,Њьђёђ_–т‡V
a081108138,Њьђёђ_–т‡V
a081224890,Њьђёђ_–т‡V
a081224982,Њьђёђ_–т‡V
a114553409,Њьђёђ_–т‡V
a114932006,Њьђёђ_–т‡V
a114933409,Њьђёђ_–т‡V
a118247526,Њьђёђ_–т‡V
a118247588,Њьђёђ_–т‡V
a118247687,Њьђёђ_–т‡V
a118254500,Њьђёђ_–т‡V
a118254586,Њьђёђ_–т‡V
a118254609,Њьђёђ_–т‡V
a118254685,Њьђёђ_–т‡V
a120110108,Њьђёђ_–т‡V
a123400145,Њьђёђ_–т‡V
a123406758,Њьђёђ_–т‡V
a123406772,Њьђёђ_–т‡V
a123409216,Њьђёђ_–т‡V
a123410052,Њьђёђ_–т‡V
a123871280,“Е–т
a123873390,Њьђёђ_–т‡V
a124037210,Њьђёђ_–т‡V
a124037227,Њьђёђ_–т‡V
a124037319,Њьђёђ_–т‡V
a124047417,Њьђёђ_–т‡V
a124047431,Њьђёђ_–т‡V
a124047462,Њьђёђ_–т‡V
a124047615,Њьђёђ_–т‡U
a124048810,Њьђёђ_–т‡V
a124048834,Њьђёђ_–т‡V
a124048865,Њьђёђ_–т‡V
a124053616,Њьђёђ_–т‡U
a124053623,Њьђёђ_–т‡U
a124053654,Њьђёђ_–т‡U
a124053715,Њьђёђ_–т‡U
a124053722,Њьђёђ_–т‡U
a124053753,Њьђёђ_–т‡U
a124138115,Њьђёђ_–т‡V
a124138122,Њьђёђ_–т‡V
a124138146,Њьђёђ_–т‡V
a124138214,Њьђёђ_–т‡V
a124138221,Њьђёђ_–т‡V
a124138245,Њьђёђ_–т‡V
a124141412,Њьђёђ_–т‡V
a124141436,Њьђёђ_–т‡V
a124141467,Њьђёђ_–т‡V
a124141511,Њьђёђ_–т‡V
a124150513,Њьђёђ_–т‡V
a124337730,Њьђёђ_–т‡V
a142351015,“Е–т
a155010107,Њьђёђ_–т‡V
a155010114,Њьђёђ_–т‡V
a155010121,Њьђёђ_–т‡V
a155012064,Њьђёђ_–т‡V
a155012071,Њьђёђ_–т‡V
a155012088,Њьђёђ_–т‡V
a155013061,Њьђёђ_–т‡V
a155013078,Њьђёђ_–т‡V
a155013085,Њьђёђ_–т‡V
a155038026,Њьђёђ_–т‡V
a155038040,Њьђёђ_–т‡V
a155038064,Њьђёђ_–т‡V
a155054088,Њьђёђ_–т‡V
a155054095,Њьђёђ_–т‡V
a155054101,Њьђёђ_–т‡V
a155054118,Њьђёђ_–т‡V
a155055115,Њьђёђ_–т‡V
a155055122,Њьђёђ_–т‡V
a155055139,Њьђёђ_–т‡V
a155055146,Њьђёђ_–т‡V
a155080117,“Е–т
a155081121,“Е–т
a155096088,ђ¶Љ€‰ь‘P–т
a155096095,ђ¶Љ€‰ь‘P–т
a155096125,ђ¶Љ€‰ь‘P–т
a155096132,ђ¶Љ€‰ь‘P–т
a155099027,Њьђёђ_–т‡V
a155099041,Њьђёђ_–т‡V
a155099065,Њьђёђ_–т‡V
a155132083,ђ¶Љ€‰ь‘P–т
a155132090,ђ¶Љ€‰ь‘P–т
a155142051,Њьђёђ_–т‡V
a155142068,Њьђёђ_–т‡V
a155142075,Њьђёђ_–т‡V
a155144154,Њьђёђ_–т‡V
a155149265,“Е–т
a155150209,ђ¶Љ€‰ь‘P–т
a155150223,ђ¶Љ€‰ь‘P–т
a155150230,ђ¶Љ€‰ь‘P–т
a155151107,Њьђёђ_–т‡V
a155151114,Њьђёђ_–т‡V
a155151121,Њьђёђ_–т‡V
a155153231,“Е–т
a155162073,Њьђёђ_–т‡V
a155162080,Њьђёђ_–т‡V
a155162097,Њьђёђ_–т‡V
a155185133,Њьђёђ_–т‡V
a155185140,Њьђёђ_–т‡V
a155185157,Њьђёђ_–т‡V
a155197129,Њьђёђ_–т‡V
a155197136,Њьђёђ_–т‡V
a155197143,Њьђёђ_–т‡V
a155202106,Њьђёђ_–т‡V
a155202113,Њьђёђ_–т‡V
a155202120,Њьђёђ_–т‡V
a155202137,Њьђёђ_–т‡V
a155202144,Њьђёђ_–т‡V
a155210101,Њьђёђ_–т‡V
a155210118,Њьђёђ_–т‡V
a155210125,Њьђёђ_–т‡V
a155210132,Њьђёђ_–т‡V
a155210149,Њьђёђ_–т‡V
a155227062,“Е–т
a155228120,“Е–т
a155246087,“Е–т
a155328011,ђ¶Љ€‰ь‘P–т
a155329032,ђ¶Љ€‰ь‘P–т
a155329049,ђ¶Љ€‰ь‘P–т
a155402018,Њьђёђ_–т‡V
a155565010,Њьђёђ_–т‡V
a155634020,Њьђёђ_–т‡V
a155645019,“Е–т
a155815047,Њьђёђ_–т‡V
a155887013,Њьђёђ_–т‡V
a155887020,Њьђёђ_–т‡V
a155888010,Њьђёђ_–т‡V
a190014702,Њьђёђ_–т‡V
a190014801,Њьђёђ_–т‡V
a190015402,Њьђёђ_–т‡V
a190015440,Њьђёђ_–т‡V
a190063502,Њьђёђ_–т‡V
a190063526,Њьђёђ_–т‡V
a190063533,Њьђёђ_–т‡V
a190063540,Њьђёђ_–т‡V
a190063601,Њьђёђ_–т‡V
a190063625,Њьђёђ_–т‡V
a190063632,Њьђёђ_–т‡V
a190063649,Њьђёђ_–т‡V
a190110701,“Е–т
a190110800,“Е–т
a190112200,“Е–т
a190112606,“Е–т
a190112705,“Е–т
a190734006,“Е–т
a211145682,Њьђёђ_–т‡V
a211149918,Њьђёђ_–т‡V
a233002093,“Е–т
a233010746,Њьђёђ_–т‡V
a271011651,Њьђёђ_–т‡V
a271012344,Њьђёђ_–т‡V
a271012351,Њьђёђ_–т‡V
a271012368,Њьђёђ_–т‡V
a271012450,Њьђёђ_–т‡V
a271012467,Њьђёђ_–т‡V
a271018926,Њьђёђ_–т‡V
a271018957,Њьђёђ_–т‡V
a271019022,Њьђёђ_–т‡V
a271019039,Њьђёђ_–т‡V
a271019046,Њьђёђ_–т‡V
a271019053,Њьђёђ_–т‡V
a271019060,Њьђёђ_–т‡V
a271019121,Њьђёђ_–т‡V
a271019145,Њьђёђ_–т‡V
a271019152,Њьђёђ_–т‡V
a271019169,Њьђёђ_–т‡V
a271019244,Њьђёђ_–т‡V
a271019251,Њьђёђ_–т‡V
a271019268,Њьђёђ_–т‡V
a271019350,Њьђёђ_–т‡V
a271025726,Њьђёђ_–т‡V
a271025733,Њьђёђ_–т‡V
a271025740,Њьђёђ_–т‡V
a271025757,Њьђёђ_–т‡V
a271025764,Њьђёђ_–т‡V
a271025849,Њьђёђ_–т‡V
a271025856,Њьђёђ_–т‡V
a271025863,Њьђёђ_–т‡V
a271025931,Њьђёђ_–т‡V
a271025955,Њьђёђ_–т‡V
a271025962,Њьђёђ_–т‡V
a271050025,Њьђёђ_–т‡V
a271050032,Њьђёђ_–т‡V
a271050049,Њьђёђ_–т‡V
a271050056,Њьђёђ_–т‡V
a271050063,Њьђёђ_–т‡V
a271050131,Њьђёђ_–т‡V
a271050148,Њьђёђ_–т‡V
a271050155,Њьђёђ_–т‡V
a271050162,Њьђёђ_–т‡V
a271074052,Њьђёђ_–т‡V
a271074069,Њьђёђ_–т‡V
a271074151,Њьђёђ_–т‡V
a271074168,Њьђёђ_–т‡V
a279112053,“Е–т
a334307011,ђ¶Љ€‰ь‘P–т
a334307080,ђ¶Љ€‰ь‘P–т
a341104719,Њьђёђ_–т‡V
a376017411,Њьђёђ_–т‡V
a376017428,Њьђёђ_–т‡V
a376017435,Њьђёђ_–т‡V
a376017510,Њьђёђ_–т‡V
a376017527,Њьђёђ_–т‡V
a376017534,Њьђёђ_–т‡V
a376070713,Њьђёђ_–т‡V
a376103510,Њьђёђ_–т‡V
a376103558,Њьђёђ_–т‡V
a376103718,Њьђёђ_–т‡V
a376207218,“Е–т
a376371018,Њьђёђ_–т‡V
a376371117,Њьђёђ_–т‡V
a376371124,Њьђёђ_–т‡V
a376371155,Њьђёђ_–т‡V
a376505512,“Е–т
a376505611,“Е–т
a376505710,“Е–т
a376507417,Њьђёђ_–т‡V
a376507424,Њьђёђ_–т‡V
a376507431,Њьђёђ_–т‡V
a376507516,Њьђёђ_–т‡V
a376507523,Њьђёђ_–т‡V
a376509411,Њьђёђ_–т‡V
a376509435,Њьђёђ_–т‡V
a376509442,Њьђёђ_–т‡V
a376509510,Њьђёђ_–т‡V
a376553216,Њьђёђ_–т‡V
a376553223,Њьђёђ_–т‡V
a376553230,Њьђёђ_–т‡V
a376553247,Њьђёђ_–т‡V
a376553315,Њьђёђ_–т‡V
a376553322,Њьђёђ_–т‡V
a376553339,Њьђёђ_–т‡V
a407128208,Њьђёђ_–т‡V
a407128222,Њьђёђ_–т‡V
a407128239,Њьђёђ_–т‡V
a407128277,Њьђёђ_–т‡V
a407128307,Њьђёђ_–т‡V
a407128321,Њьђёђ_–т‡V
a407128338,Њьђёђ_–т‡V
a407128376,Њьђёђ_–т‡V
a407154405,Њьђёђ_–т‡V
a407154412,Њьђёђ_–т‡V
a407154467,Њьђёђ_–т‡V
a431291466,“Е–т
a431291473,“Е–т
a431297284,Њьђёђ_–т‡V
a440495015,Њьђёђ_–т‡V
a440495077,Њьђёђ_–т‡V
a440495107,Њьђёђ_–т‡V
a440496012,Њьђёђ_–т‡V
a440496104,Њьђёђ_–т‡V
a440591014,Њьђёђ_–т‡V
a440591021,Њьђёђ_–т‡V
a440591120,Њьђёђ_–т‡V
a440592011,Њьђёђ_–т‡V
a440592028,Њьђёђ_–т‡V
a447112113,Њьђёђ_–т‡V
a447112120,Њьђёђ_–т‡V
a447113011,Њьђёђ_–т‡V
a447113028,Њьђёђ_–т‡V
a447113059,Њьђёђ_–т‡V
a447114018,Њьђёђ_–т‡V
a447114025,Њьђёђ_–т‡V
a447114056,Њьђёђ_–т‡V
a447116111,Њьђёђ_–т‡V
a447116128,Њьђёђ_–т‡V
a447153000,Њьђёђ_–т‡V
a447153017,Њьђёђ_–т‡V
a447153024,Њьђёђ_–т‡V
a447153055,Њьђёђ_–т‡V
a447154007,Њьђёђ_–т‡V
a447154014,Њьђёђ_–т‡V
a447154021,Њьђёђ_–т‡V
a447154052,Њьђёђ_–т‡V
a447173114,Њьђёђ_–т‡V
a447190517,Њьђёђ_–т‡U
a447190616,Њьђёђ_–т‡U
a447193112,Њьђёђ_–т‡V
a447193136,Њьђёђ_–т‡V
a447194119,Њьђёђ_–т‡V
a476111712,Њьђёђ_–т‡V
a476111729,Њьђёђ_–т‡V
a476111736,Њьђёђ_–т‡V
a476111811,Њьђёђ_–т‡V
a476111828,Њьђёђ_–т‡V
a476111835,Њьђёђ_–т‡V
a476150704,Њьђёђ_–т‡V
a476150711,Њьђёђ_–т‡V
a476150728,Њьђёђ_–т‡V
a476150803,Њьђёђ_–т‡V
a476150810,Њьђёђ_–т‡V
a476150827,Њьђёђ_–т‡V
a476167207,ђ¶Љ€‰ь‘P–т
a614243022,Њьђёђ_–т‡V
a614258019,“Е–т
a614409206,Њьђёђ_–т‡V
a614409220,Њьђёђ_–т‡V
a614409237,Њьђёђ_–т‡V
a614409244,Њьђёђ_–т‡V
a614409305,Њьђёђ_–т‡V
a614409329,Њьђёђ_–т‡V
a614409343,Њьђёђ_–т‡V
a614409817,“Е–т
a614422700,Њьђёђ_–т‡V
a614422809,Њьђёђ_–т‡V
a614423004,Њьђёђ_–т‡V
a614423011,Њьђёђ_–т‡V
a614438008,Њьђёђ_–т‡V
a614438107,Њьђёђ_–т‡V
a623100712,Њьђёђ_–т‡V
a623100729,Њьђёђ_–т‡V
a792101626,Њьђёђ_–т‡V
a792101633,Њьђёђ_–т‡V
a792102449,Њьђёђ_–т‡V
a792102456,Њьђёђ_–т‡V
a792112318,Њьђёђ_–т‡U
a792112356,Њьђёђ_–т‡U
a792112387,Њьђёђ_–т‡U
a792112417,Њьђёђ_–т‡U
a792112455,Њьђёђ_–т‡U
a792112486,Њьђёђ_–т‡U
a792112714,Њьђёђ_–т‡V
a792112752,Њьђёђ_–т‡V
a792112813,Њьђёђ_–т‡V
a792112851,Њьђёђ_–т‡V
a792113117,Њьђёђ_–т‡V
a792113148,Њьђёђ_–т‡V
a792113155,Њьђёђ_–т‡V
a792113186,Њьђёђ_–т‡V
a792113216,Њьђёђ_–т‡V
a792113247,Њьђёђ_–т‡V
a792113254,Њьђёђ_–т‡V
a792113285,Њьђёђ_–т‡V
a792154318,Њьђёђ_–т‡V
a792154356,Њьђёђ_–т‡V
a792154417,Њьђёђ_–т‡V
a792158415,Њьђёђ_–т‡V
a792158453,Њьђёђ_–т‡V
a792160913,Њьђёђ_–т‡V
a792160920,Њьђёђ_–т‡V
a792165413,Њьђёђ_–т‡V
a792165451,Њьђёђ_–т‡V
a792165482,Њьђёђ_–т‡V
a792168711,Њьђёђ_–т‡V
a792168810,Њьђёђ_–т‡V
a792168988,Њьђёђ_–т‡V
a792170516,Њьђёђ_–т‡V
a792170608,Њьђёђ_–т‡V
a792170615,Њьђёђ_–т‡V
a792170684,Њьђёђ_–т‡V
a792170707,Њьђёђ_–т‡V
a792170714,Њьђёђ_–т‡V
a792170783,Њьђёђ_–т‡V
a792263010,“Е–т
a804799117,ђ¶Љ€‰ь‘P–т
a804800110,ђ¶Љ€‰ь‘P–т
a828291017,Њьђёђ_–т‡V
a897141305,ђ¶Љ€‰ь‘P–т
a897141404,ђ¶Љ€‰ь‘P–т
a901007108,Њьђёђ_–т‡V
